{
  "mutrate": 0.12,
  "crossover_point": 1,
  "n_pars": 50,
  "n_offsp": 40.0,
  "n_vars": 2,
  "n_pool": 90,
  "parent_selection_prob": 0.8,
  "n_gens": 20,
  "parents": [
    0.01105777110418682,
    0.01105777110418682,
    0.01105777110418682,
    0.016506767957372936,
    0.016506767957372936,
    0.016506767957372936,
    0.016506767957372936,
    0.016506767957372936,
    0.016506767957372936,
    0.016506767957372936,
    0.016506767957372936,
    0.016506767957372936,
    0.016506767957372936,
    0.016506767957372936,
    0.016506767957372936,
    0.016506767957372936,
    0.016506767957372936,
    0.016506767957372936,
    0.016506767957372936,
    0.016506767957372936,
    0.016506767957372936,
    0.016506767957372936,
    0.016506767957372936,
    0.016506767957372936,
    0.016506767957372936,
    0.016506767957372936,
    0.016506767957372936,
    0.016506767957372936,
    0.016506767957372936,
    0.016506767957372936,
    0.016506767957372936,
    0.016506767957372936,
    0.016506767957372936,
    0.016506767957372936,
    0.016506767957372936,
    -0.20775180564970785,
    0.016506767957372936,
    0.016506767957372936,
    0.016506767957372936,
    0.016506767957372936,
    0.016506767957372936,
    0.016506767957372936,
    0.016506767957372936,
    0.016506767957372936,
    0.016506767957372936,
    0.016506767957372936,
    0.016506767957372936,
    -2.0142911930589307,
    0.016506767957372936,
    -0.20775180564970785,
    -0.017664441860366864,
    -0.017664441860366864,
    -0.017664441860366864,
    -0.017664441860366864,
    -0.017664441860366864,
    -0.017664441860366864,
    -0.017664441860366864,
    -0.017664441860366864,
    -0.017664441860366864,
    -0.017664441860366864,
    -0.017664441860366864,
    -0.017664441860366864,
    -0.017664441860366864,
    -0.017664441860366864,
    -0.017664441860366864,
    -0.017664441860366864,
    -0.017664441860366864,
    -0.017664441860366864,
    -0.017664441860366864,
    -0.017664441860366864,
    -0.017664441860366864,
    -0.017664441860366864,
    -0.017664441860366864,
    -0.017664441860366864,
    -0.017664441860366864,
    -0.017664441860366864,
    -0.017664441860366864,
    -0.017664441860366864,
    -0.017664441860366864,
    -0.017664441860366864,
    -0.017664441860366864,
    -0.017664441860366864,
    -0.017664441860366864,
    -0.017664441860366864,
    -0.017664441860366864,
    -0.017664441860366864,
    -0.03377943117119031,
    -0.03377943117119031,
    1.6331632109670702,
    -0.017664441860366864,
    -0.017664441860366864,
    -0.03377943117119031,
    -0.017664441860366864,
    -0.017664441860366864,
    -0.017664441860366864,
    -0.017664441860366864,
    -0.017664441860366864,
    -0.03377943117119031,
    -0.017664441860366864,
    -0.017664441860366864
  ],
  "offspring": [
    0.016506767957372936,
    0.016506767957372936,
    0.016506767957372936,
    0.016506767957372936,
    0.016506767957372936,
    0.016506767957372936,
    0.016506767957372936,
    0.016506767957372936,
    0.016506767957372936,
    0.016506767957372936,
    0.016506767957372936,
    0.016506767957372936,
    0.016506767957372936,
    -0.20775180564970785,
    0.016506767957372936,
    0.016506767957372936,
    0.016506767957372936,
    0.016506767957372936,
    0.016506767957372936,
    0.016506767957372936,
    0.016506767957372936,
    0.016506767957372936,
    0.016506767957372936,
    0.016506767957372936,
    0.016506767957372936,
    0.016506767957372936,
    0.016506767957372936,
    2.9415081379638837,
    0.016506767957372936,
    0.016506767957372936,
    0.016506767957372936,
    0.016506767957372936,
    0.01105777110418682,
    0.016506767957372936,
    0.016506767957372936,
    0.016506767957372936,
    0.016506767957372936,
    -2.0142911930589307,
    0.016506767957372936,
    0.01105777110418682,
    -0.03377943117119031,
    -0.017664441860366864,
    -0.017664441860366864,
    -0.017664441860366864,
    -0.017664441860366864,
    -2.738648058568251,
    -0.017664441860366864,
    -0.03377943117119031,
    -0.017664441860366864,
    -0.017664441860366864,
    -0.017664441860366864,
    -0.017664441860366864,
    -0.017664441860366864,
    -0.017664441860366864,
    -0.03377943117119031,
    -0.03377943117119031,
    -0.017664441860366864,
    -0.017664441860366864,
    -0.017664441860366864,
    -0.017664441860366864,
    -0.017664441860366864,
    -0.03377943117119031,
    2.6246166714041363,
    -0.017664441860366864,
    -0.017664441860366864,
    -0.017664441860366864,
    -0.03377943117119031,
    -0.017664441860366864,
    -0.017664441860366864,
    -0.017664441860366864,
    -0.017664441860366864,
    -0.017664441860366864,
    -0.03377943117119031,
    -0.017664441860366864,
    -0.03377943117119031,
    -0.03377943117119031,
    -0.017664441860366864,
    -0.03377943117119031,
    -0.017664441860366864,
    -0.017664441860366864
  ],