{
  "mutrate": 0.12,
  "crossover_point": 1,
  "n_pars": 50,
  "n_offsp": 40.0,
  "n_vars": 3,
  "n_pool": 90,
  "parent_selection_prob": 0.8,
  "n_gens": 20,
  "parents": [
    0.1431657830170796,
    0.1431657830170796,
    0.1431657830170796,
    0.1431657830170796,
    0.1431657830170796,
    0.882032178390581,
    0.1431657830170796,
    1.3582112150929693,
    0.1431657830170796,
    0.7770142223805743,
    1.059778590642435,
    1.8163751562881565,
    0.1431657830170796,
    0.75349108651667,
    0.1431657830170796,
    0.7770142223805743,
    0.1431657830170796,
    0.882032178390581,
    0.1431657830170796,
    0.1431657830170796,
    0.882032178390581,
    0.7770142223805743,
    0.3861633758237182,
    0.1431657830170796,
    0.1431657830170796,
    1.3582112150929693,
    0.1431657830170796,
    14.709005993905823,
    7.647253259613793,
    1.7956377529269711,
    0.1431657830170796,
    0.882032178390581,
    0.1431657830170796,
    0.1431657830170796,
    0.1431657830170796,
    1.4898507595721433,
    1.4898507595721433,
    0.1431657830170796,
    0.1431657830170796,
    0.1431657830170796,
    0.7770142223805743,
    0.1431657830170796,
    0.882032178390581,
    14.797439533975734,
    11.26542912102821,
    1.3353214169236027,
    0.7770142223805743,
    13.690023192795596,
    0.7770142223805743,
    0.1431657830170796,
    14.797439533975734,
    14.797439533975734,
    0.1697766637209691,
    0.1431657830170796,
    0.882032178390581,
    0.1697766637209691,
    14.709005993905823,
    0.1431657830170796,
    6.997938545318018,
    0.7770142223805743,
    0.1431657830170796,
    9.541146027455603,
    14.797439533975734,
    0.1431657830170796,
    0.7770142223805743,
    0.1431657830170796,
    0.1431657830170796,
    1.3582112150929693,
    0.1431657830170796,
    14.843690051303355,
    14.797439533975734,
    14.797439533975734,
    0.1431657830170796,
    0.1431657830170796,
    0.1431657830170796,
    0.1431657830170796,
    1.4898507595721433,
    0.1431657830170796,
    0.01227765314629814,
    0.1431657830170796,
    0.882032178390581,
    1.059778590642435,
    0.7770142223805743,
    4.353005321325071,
    0.7770142223805743,
    0.3861633758237182,
    0.7770142223805743,
    0.3861633758237182,
    7.919242298282077,
    0.882032178390581,
    8.473930989163826,
    0.1431657830170796,
    1.3582112150929693,
    0.1431657830170796,
    0.7770142223805743,
    0.1431657830170796,
    0.1431657830170796,
    2.7319177404504535,
    2.7319177404504535,
    0.1431657830170796,
    0.1431657830170796,
    13.690023192795596,
    0.1431657830170796,
    0.1431657830170796,
    0.1431657830170796,
    1.7837295154268644,
    0.1431657830170796,
    0.7770142223805743,
    0.1431657830170796,
    0.1431657830170796,
    0.1431657830170796,
    0.7770142223805743,
    1.7956377529269711,
    0.75349108651667,
    0.3861633758237182,
    0.1431657830170796,
    0.1431657830170796,
    0.3861633758237182,
    1.8752722008355511,
    0.7770142223805743,
    0.1431657830170796,
    14.797439533975734,
    12.689461739280237,
    1.8163751562881565,
    0.1431657830170796,
    0.1431657830170796,
    0.1431657830170796,
    0.1697766637209691,
    1.059778590642435,
    0.7770142223805743,
    1.7956377529269711,
    0.1697766637209691,
    0.1431657830170796,
    1.3582112150929693,
    11.063902861431966,
    0.6952153875279665,
    14.797439533975734,
    8.473930989163826,
    0.1431657830170796,
    14.797439533975734,
    0.1431657830170796,
    1.3582112150929693,
    1.3582112150929693,
    0.1431657830170796,
    0.1431657830170796,
    7.647253259613793,
    14.843690051303355,
    0.7770142223805743,
    6.997938545318018,
    0.1431657830170796
  ],
  "offspring": [
    0.1431657830170796,
    0.882032178390581,
    1.4898507595721433,
    0.7770142223805743,
    7.919242298282077,
    0.1431657830170796,
    0.1431657830170796,
    0.1431657830170796,
    0.7770142223805743,
    0.1431657830170796,
    0.3861633758237182,
    0.1431657830170796,
    1.3582112150929693,
    1.4898507595721433,
    4.353005321325071,
    9.541146027455603,
    0.1431657830170796,
    14.709005993905823,
    0.1431657830170796,
    0.882032178390581,
    0.1431657830170796,
    0.1431657830170796,
    0.882032178390581,
    0.7770142223805743,
    0.882032178390581,
    0.1431657830170796,
    11.26542912102821,
    0.1431657830170796,
    0.1431657830170796,
    0.3861633758237182,
    0.1431657830170796,
    13.690023192795596,
    0.1431657830170796,
    1.7956377529269711,
    0.75349108651667,
    0.3861633758237182,
    1.8752722008355511,
    0.7770142223805743,
    0.1431657830170796,
    14.797439533975734,
    0.1431657830170796,
    0.1431657830170796,
    1.8163751562881565,
    0.1431657830170796,
    0.7770142223805743,
    0.1431657830170796,
    0.1697766637209691,
    14.797439533975734,
    0.1431657830170796,
    14.709005993905823,
    14.843690051303355,
    0.1431657830170796,
    0.1431657830170796,
    0.1431657830170796,
    0.7770142223805743,
    0.1431657830170796,
    0.1431657830170796,
    14.797439533975734,
    0.1431657830170796,
    1.3582112150929693,
    0.7770142223805743,
    14.797439533975734,
    0.882032178390581,
    1.3582112150929693,
    0.1431657830170796,
    0.1431657830170796,
    0.7770142223805743,
    0.7770142223805743,
    0.3861633758237182,
    0.7770142223805743,
    0.7770142223805743,
    0.1431657830170796,
    0.1431657830170796,
    1.059778590642435,
    7.647253259613793,
    0.1431657830170796,
    0.1431657830170796,
    0.1431657830170796,
    1.3582112150929693,
    14.797439533975734,
    0.1431657830170796,
    7.919242298282077,
    0.7770142223805743,
    0.1431657830170796,
    0.7770142223805743,
    0.1431657830170796,
    14.797439533975734,
    6.997938545318018,
    0.1431657830170796,
    0.1431657830170796,
    2.7319177404504535,
    1.7956377529269711,
    0.1431657830170796,
    0.1431657830170796,
    0.1431657830170796,
    1.3582112150929693,
    0.7770142223805743,
    0.1431657830170796,
    0.3861633758237182,
    0.882032178390581,
    1.4898507595721433,
    0.7770142223805743,
    1.3582112150929693,
    0.1431657830170796,
    1.3582112150929693,
    0.7770142223805743,
    0.1431657830170796,
    0.1431657830170796,
    0.1431657830170796,
    1.059778590642435,
    0.1431657830170796,
    7.532252255417667,
    0.1431657830170796,
    1.3582112150929693,
    0.1431657830170796,
    0.1431657830170796,
    14.797439533975734,
    2.7319177404504535,
    0.1697766637209691,
    8.473930989163826
  ],